{
  "disease_type": "kidney",
  "optimal_threshold": 0.4800000000000001,
  "test_metrics": {
    "optimal_threshold": 0.4800000000000001,
    "accuracy": 0.89,
    "precision": 0.911504424778761,
    "recall": 0.8956521739130435,
    "f1_score": 0.9035087719298245,
    "default_accuracy": 0.885,
    "improvement": 0.0050000000000000044,
    "disease_type": "kidney"
  },
  "features_used": [
    "age",
    "bp",
    "sg",
    "al",
    "su",
    "bgr",
    "bu",
    "sc",
    "sod",
    "pot",
    "hemo",
    "pcv",
    "wc"
  ],
  "model_architecture": "Sequential_64_32_16_1",
  "training_samples": 600,
  "validation_samples": 200,
  "test_samples": 200
}