{
  "disease_type": "kidney",
  "optimal_threshold": 0.4600000000000001,
  "test_metrics": {
    "optimal_threshold": 0.4600000000000001,
    "accuracy": 0.895,
    "precision": 0.8916666666666667,
    "recall": 0.9304347826086956,
    "f1_score": 0.9106382978723404,
    "default_accuracy": 0.885,
    "improvement": 0.010000000000000009,
    "disease_type": "kidney"
  },
  "features_used": [
    "age",
    "bp",
    "sg",
    "al",
    "su",
    "bgr",
    "bu",
    "sc",
    "sod",
    "pot",
    "hemo",
    "pcv",
    "wc"
  ],
  "model_architecture": "Sequential_64_32_16_1",
  "training_samples": 600,
  "validation_samples": 200,
  "test_samples": 200
}